utc_timestamp,DE_load_actual_entsoe_transparency,DE_wind_generation_actual,DE_solar_generation_actual
2015-01-01T07:00:00Z,41133.0,10208.0,71.0
2015-01-01T08:00:00Z,42963.0,10029.0,773.0
2015-01-01T09:00:00Z,45088.0,10550.0,2117.0
2015-01-01T10:00:00Z,47013.0,11390.0,3364.0
2015-01-01T11:00:00Z,48159.0,12103.0,4198.0
2015-01-01T12:00:00Z,47164.0,12505.0,3500.0
2015-01-01T13:00:00Z,46752.0,11921.0,2279.0
2015-01-01T14:00:00Z,47403.0,11851.0,746.0
2015-01-01T15:00:00Z,49440.0,13582.0,50.0
2015-01-01T16:00:00Z,53410.0,15436.0,0.0
2015-01-01T17:00:00Z,53672.0,16868.0,0.0
2015-01-01T18:00:00Z,53012.0,18008.0,0.0
2015-01-01T19:00:00Z,50313.0,19181.0,0.0
2015-01-01T20:00:00Z,48730.0,20353.0,0.0
2015-01-01T21:00:00Z,48624.0,21235.0,0.0
2015-01-01T22:00:00Z,45668.0,22083.0,0.0
2015-01-01T23:00:00Z,42424.0,22472.0,0.0
2015-01-02T00:00:00Z,40577.0,23434.0,0.0
2015-01-02T01:00:00Z,39707.0,24248.0,0.0
2015-01-02T02:00:00Z,39504.0,25034.0,0.0
2015-01-02T03:00:00Z,40391.0,25721.0,0.0
2015-01-02T04:00:00Z,42382.0,26172.0,0.0
2015-01-02T05:00:00Z,45679.0,26355.0,0.0
2015-01-02T06:00:00Z,50418.0,26193.0,0.0
2015-01-02T07:00:00Z,54131.0,26590.0,38.0
2015-01-02T08:00:00Z,56505.0,25934.0,252.0
2015-01-02T09:00:00Z,58447.0,25641.0,667.0
2015-01-02T10:00:00Z,59453.0,25810.0,1262.0
2015-01-02T11:00:00Z,59201.0,25642.0,1726.0
2015-01-02T12:00:00Z,58564.0,25795.0,1899.0
2015-01-02T13:00:00Z,57721.0,25297.0,1352.0
2015-01-02T14:00:00Z,57276.0,24982.0,516.0
2015-01-02T15:00:00Z,58813.0,24719.0,45.0
2015-01-02T16:00:00Z,61605.0,24301.0,0.0
2015-01-02T17:00:00Z,61645.0,25010.0,0.0
2015-01-02T18:00:00Z,59283.0,24783.0,0.0
2015-01-02T19:00:00Z,55622.0,24279.0,0.0
2015-01-02T20:00:00Z,53186.0,24366.0,0.0
2015-01-02T21:00:00Z,50691.0,24546.0,0.0
2015-01-02T22:00:00Z,45323.0,24626.0,0.0
2015-01-02T23:00:00Z,40464.0,24076.0,0.0
2015-01-03T00:00:00Z,38338.0,23277.0,0.0
2015-01-03T01:00:00Z,36897.0,22117.0,0.0
2015-01-03T02:00:00Z,36104.0,20918.0,0.0
2015-01-03T03:00:00Z,36453.0,20291.0,0.0
2015-01-03T04:00:00Z,36839.0,20508.0,0.0
2015-01-03T05:00:00Z,38073.0,21327.0,0.0
2015-01-03T06:00:00Z,40819.0,21946.0,0.0
2015-01-03T07:00:00Z,44119.0,22980.0,74.0
2015-01-03T08:00:00Z,47421.0,23419.0,608.0
2015-01-03T09:00:00Z,49756.0,23097.0,1279.0
2015-01-03T10:00:00Z,51917.0,23230.0,1700.0
2015-01-03T11:00:00Z,52205.0,22829.0,1618.0
2015-01-03T12:00:00Z,52147.0,21174.0,1155.0
2015-01-03T13:00:00Z,50677.0,19464.0,587.0
2015-01-03T14:00:00Z,50478.0,17468.0,195.0
2015-01-03T15:00:00Z,52820.0,16038.0,21.0
2015-01-03T16:00:00Z,55854.0,15378.0,0.0
2015-01-03T17:00:00Z,56259.0,14449.0,0.0
2015-01-03T18:00:00Z,55017.0,12946.0,0.0
2015-01-03T19:00:00Z,50801.0,13871.0,0.0
2015-01-03T20:00:00Z,48359.0,15216.0,0.0
2015-01-03T21:00:00Z,47968.0,15811.0,0.0
2015-01-03T22:00:00Z,45427.0,17337.0,0.0
2015-01-03T23:00:00Z,42806.0,17864.0,0.0
2015-01-04T00:00:00Z,38517.0,18736.0,0.0
2015-01-04T01:00:00Z,37082.0,18898.0,0.0
2015-01-04T02:00:00Z,36575.0,18966.0,0.0
2015-01-04T03:00:00Z,36793.0,19098.0,0.0
2015-01-04T04:00:00Z,36336.0,18750.0,0.0
2015-01-04T05:00:00Z,35592.0,18627.0,0.0
2015-01-04T06:00:00Z,38255.0,17995.0,0.0
2015-01-04T07:00:00Z,41037.0,17961.0,58.0
2015-01-04T08:00:00Z,43899.0,17248.0,974.0
2015-01-04T09:00:00Z,46915.0,16822.0,2771.0
2015-01-04T10:00:00Z,50252.0,16905.0,4151.0
2015-01-04T11:00:00Z,50784.0,16848.0,4579.0
2015-01-04T12:00:00Z,48824.0,16658.0,3992.0
2015-01-04T13:00:00Z,47517.0,16118.0,2421.0
2015-01-04T14:00:00Z,47398.0,15084.0,952.0
2015-01-04T15:00:00Z,49465.0,14160.0,84.0
2015-01-04T16:00:00Z,53400.0,13715.0,0.0
2015-01-04T17:00:00Z,54108.0,13750.0,0.0
2015-01-04T18:00:00Z,52621.0,14251.0,0.0
2015-01-04T19:00:00Z,50243.0,14132.0,0.0
2015-01-04T20:00:00Z,48877.0,13069.0,0.0
2015-01-04T21:00:00Z,48808.0,12458.0,0.0
2015-01-04T22:00:00Z,46024.0,12453.0,0.0
2015-01-04T23:00:00Z,42658.0,12321.0,0.0
2015-01-05T00:00:00Z,40699.0,12279.0,0.0
2015-01-05T01:00:00Z,39447.0,12660.0,0.0
2015-01-05T02:00:00Z,39513.0,12763.0,0.0
2015-01-05T03:00:00Z,40440.0,13547.0,0.0
2015-01-05T04:00:00Z,43931.0,14853.0,0.0
2015-01-05T05:00:00Z,50074.0,15410.0,0.0
2015-01-05T06:00:00Z,56244.0,15314.0,0.0
2015-01-05T07:00:00Z,59860.0,15190.0,93.0
2015-01-05T08:00:00Z,61179.0,14611.0,1057.0
2015-01-05T09:00:00Z,62104.0,13642.0,2986.0
2015-01-05T10:00:00Z,63018.0,12310.0,4770.0
2015-01-05T11:00:00Z,62952.0,11118.0,5870.0
2015-01-05T12:00:00Z,62108.0,9794.0,5666.0
2015-01-05T13:00:00Z,61182.0,7868.0,4095.0
2015-01-05T14:00:00Z,60450.0,6205.0,1788.0
2015-01-05T15:00:00Z,61342.0,5077.0,197.0
2015-01-05T16:00:00Z,65130.0,4507.0,0.0
2015-01-05T17:00:00Z,64886.0,4236.0,0.0
2015-01-05T18:00:00Z,63242.0,3924.0,0.0
2015-01-05T19:00:00Z,59162.0,3186.0,0.0
2015-01-05T20:00:00Z,56346.0,2637.0,0.0
2015-01-05T21:00:00Z,54730.0,2108.0,0.0
2015-01-05T22:00:00Z,50564.0,1810.0,0.0
2015-01-05T23:00:00Z,47317.0,1491.0,0.0
2015-01-06T00:00:00Z,45011.0,1171.0,0.0
2015-01-06T01:00:00Z,44015.0,907.0,0.0
2015-01-06T02:00:00Z,44049.0,840.0,0.0
2015-01-06T03:00:00Z,44730.0,916.0,0.0
2015-01-06T04:00:00Z,46416.0,1102.0,0.0
2015-01-06T05:00:00Z,50597.0,1433.0,0.0
2015-01-06T06:00:00Z,55697.0,1793.0,0.0
2015-01-06T07:00:00Z,57954.0,2181.0,183.0
2015-01-06T08:00:00Z,59295.0,2622.0,2055.0
2015-01-06T09:00:00Z,60723.0,3065.0,4694.0
2015-01-06T10:00:00Z,61744.0,3437.0,6658.0
2015-01-06T11:00:00Z,61628.0,3409.0,7272.0
2015-01-06T12:00:00Z,60697.0,3773.0,6351.0
2015-01-06T13:00:00Z,59259.0,4349.0,3958.0
2015-01-06T14:00:00Z,58836.0,5189.0,1554.0
2015-01-06T15:00:00Z,60089.0,6674.0,163.0
2015-01-06T16:00:00Z,63969.0,8121.0,0.0
2015-01-06T17:00:00Z,64219.0,9376.0,0.0
2015-01-06T18:00:00Z,63346.0,9575.0,0.0
2015-01-06T19:00:00Z,59695.0,9714.0,0.0
2015-01-06T20:00:00Z,57114.0,9263.0,0.0
2015-01-06T21:00:00Z,54886.0,9666.0,0.0
2015-01-06T22:00:00Z,50639.0,9524.0,0.0
2015-01-06T23:00:00Z,47308.0,9127.0,0.0
2015-01-07T00:00:00Z,45125.0,8514.0,0.0
2015-01-07T01:00:00Z,44217.0,8188.0,0.0
2015-01-07T02:00:00Z,44368.0,8711.0,0.0
2015-01-07T03:00:00Z,45298.0,8753.0,0.0
2015-01-07T04:00:00Z,48598.0,8452.0,0.0
2015-01-07T05:00:00Z,56626.0,8458.0,0.0
2015-01-07T06:00:00Z,63293.0,8066.0,0.0
2015-01-07T07:00:00Z,65964.0,7725.0,50.0
2015-01-07T08:00:00Z,66400.0,7299.0,609.0
2015-01-07T09:00:00Z,67746.0,7114.0,1812.0
2015-01-07T10:00:00Z,68507.0,7229.0,3060.0
2015-01-07T11:00:00Z,68100.0,7460.0,3777.0
2015-01-07T12:00:00Z,67248.0,7775.0,3715.0
2015-01-07T13:00:00Z,66044.0,7330.0,2800.0
2015-01-07T14:00:00Z,65496.0,7095.0,1157.0
2015-01-07T15:00:00Z,66191.0,7546.0,134.0
2015-01-07T16:00:00Z,69647.0,8698.0,0.0
2015-01-07T17:00:00Z,69425.0,10209.0,0.0
2015-01-07T18:00:00Z,67467.0,11382.0,0.0
2015-01-07T19:00:00Z,63605.0,12803.0,0.0
2015-01-07T20:00:00Z,60469.0,14009.0,0.0
2015-01-07T21:00:00Z,58348.0,14561.0,0.0
2015-01-07T22:00:00Z,54070.0,14790.0,0.0
2015-01-07T23:00:00Z,50460.0,15037.0,0.0
2015-01-08T00:00:00Z,48041.0,15807.0,0.0
2015-01-08T01:00:00Z,47074.0,16449.0,0.0
2015-01-08T02:00:00Z,47228.0,16695.0,0.0
2015-01-08T03:00:00Z,48253.0,16787.0,0.0
2015-01-08T04:00:00Z,51155.0,16751.0,0.0
2015-01-08T05:00:00Z,58605.0,17496.0,0.0
2015-01-08T06:00:00Z,65447.0,18076.0,0.0
2015-01-08T07:00:00Z,68569.0,18039.0,57.0
2015-01-08T08:00:00Z,68599.0,18177.0,446.0
2015-01-08T09:00:00Z,69484.0,18094.0,1083.0
2015-01-08T10:00:00Z,70635.0,17924.0,1738.0
2015-01-08T11:00:00Z,69962.0,17249.0,2062.0
2015-01-08T12:00:00Z,69062.0,16601.0,1702.0
2015-01-08T13:00:00Z,67835.0,16519.0,1039.0
2015-01-08T14:00:00Z,67765.0,15881.0,414.0
2015-01-08T15:00:00Z,68183.0,16707.0,58.0
2015-01-08T16:00:00Z,70139.0,16975.0,0.0
2015-01-08T17:00:00Z,69246.0,18201.0,0.0
2015-01-08T18:00:00Z,67516.0,19836.0,0.0
2015-01-08T19:00:00Z,62992.0,21336.0,0.0
2015-01-08T20:00:00Z,59524.0,22571.0,0.0
2015-01-08T21:00:00Z,57518.0,22747.0,0.0
2015-01-08T22:00:00Z,53026.0,22911.0,0.0
2015-01-08T23:00:00Z,48517.0,22489.0,0.0
2015-01-09T00:00:00Z,46472.0,22208.0,0.0
2015-01-09T01:00:00Z,45546.0,22583.0,0.0
2015-01-09T02:00:00Z,45568.0,23691.0,0.0
2015-01-09T03:00:00Z,46950.0,25057.0,0.0
2015-01-09T04:00:00Z,50426.0,26415.0,0.0
2015-01-09T05:00:00Z,58351.0,27400.0,0.0
2015-01-09T06:00:00Z,65555.0,28102.0,0.0
2015-01-09T07:00:00Z,69326.0,28930.0,54.0
2015-01-09T08:00:00Z,69495.0,29704.0,421.0
2015-01-09T09:00:00Z,70357.0,29755.0,974.0
2015-01-09T10:00:00Z,70829.0,29097.0,1398.0
2015-01-09T11:00:00Z,69565.0,29389.0,1473.0
2015-01-09T12:00:00Z,68267.0,29671.0,1235.0
2015-01-09T13:00:00Z,66887.0,29948.0,870.0
2015-01-09T14:00:00Z,66518.0,30155.0,351.0
2015-01-09T15:00:00Z,67566.0,30151.0,46.0
2015-01-09T16:00:00Z,70120.0,29928.0,0.0
2015-01-09T17:00:00Z,69465.0,28857.0,0.0
2015-01-09T18:00:00Z,66230.0,27610.0,0.0
2015-01-09T19:00:00Z,61923.0,26129.0,0.0
2015-01-09T20:00:00Z,58868.0,23946.0,0.0
2015-01-09T21:00:00Z,55441.0,21901.0,0.0
2015-01-09T22:00:00Z,51740.0,21036.0,0.0
2015-01-09T23:00:00Z,47944.0,20066.0,0.0
2015-01-10T00:00:00Z,45889.0,20244.0,0.0
2015-01-10T01:00:00Z,44455.0,20546.0,0.0
2015-01-10T02:00:00Z,43933.0,21921.0,0.0
2015-01-10T03:00:00Z,43836.0,23217.0,0.0
2015-01-10T04:00:00Z,43841.0,24259.0,0.0
2015-01-10T05:00:00Z,44671.0,26163.0,0.0
2015-01-10T06:00:00Z,48011.0,27333.0,0.0
2015-01-10T07:00:00Z,52333.0,28275.0,54.0
2015-01-10T08:00:00Z,55587.0,28573.0,549.0
2015-01-10T09:00:00Z,57068.0,28972.0,2017.0
2015-01-10T10:00:00Z,58679.0,29416.0,4231.0
2015-01-10T11:00:00Z,59031.0,29437.0,5278.0
2015-01-10T12:00:00Z,57469.0,29058.0,4540.0
2015-01-10T13:00:00Z,55753.0,28893.0,2758.0
2015-01-10T14:00:00Z,54425.0,28518.0,961.0
2015-01-10T15:00:00Z,55698.0,28528.0,85.0
2015-01-10T16:00:00Z,59546.0,28306.0,0.0
2015-01-10T17:00:00Z,59665.0,27903.0,0.0
2015-01-10T18:00:00Z,57456.0,27538.0,0.0
2015-01-10T19:00:00Z,53439.0,26991.0,0.0
2015-01-10T20:00:00Z,51071.0,26413.0,0.0
2015-01-10T21:00:00Z,50351.0,25282.0,0.0
2015-01-10T22:00:00Z,47188.0,24714.0,0.0
2015-01-10T23:00:00Z,43422.0,24177.0,0.0
2015-01-11T00:00:00Z,41048.0,23990.0,0.0
2015-01-11T01:00:00Z,39718.0,23304.0,0.0
2015-01-11T02:00:00Z,39187.0,23096.0,0.0
2015-01-11T03:00:00Z,39643.0,23358.0,0.0
2015-01-11T04:00:00Z,39494.0,23626.0,0.0
2015-01-11T05:00:00Z,38786.0,24642.0,0.0
2015-01-11T06:00:00Z,40821.0,25338.0,0.0
2015-01-11T07:00:00Z,44081.0,26313.0,124.0
2015-01-11T08:00:00Z,47653.0,26486.0,1074.0
2015-01-11T09:00:00Z,51246.0,27234.0,2469.0
2015-01-11T10:00:00Z,54420.0,27728.0,3410.0
2015-01-11T11:00:00Z,54436.0,28164.0,4121.0
2015-01-11T12:00:00Z,52716.0,28334.0,3981.0
2015-01-11T13:00:00Z,51569.0,28516.0,3024.0
2015-01-11T14:00:00Z,51194.0,28205.0,1424.0
2015-01-11T15:00:00Z,52466.0,27910.0,180.0
2015-01-11T16:00:00Z,57143.0,28319.0,4.0
2015-01-11T17:00:00Z,58328.0,28254.0,0.0
2015-01-11T18:00:00Z,56551.0,28342.0,0.0
2015-01-11T19:00:00Z,53601.0,27719.0,0.0
2015-01-11T20:00:00Z,51979.0,26743.0,0.0
2015-01-11T21:00:00Z,52143.0,25379.0,0.0
2015-01-11T22:00:00Z,48829.0,24797.0,0.0
2015-01-11T23:00:00Z,45904.0,24581.0,0.0
2015-01-12T00:00:00Z,44192.0,24303.0,0.0
2015-01-12T01:00:00Z,43720.0,23316.0,0.0
2015-01-12T02:00:00Z,44011.0,22426.0,0.0
2015-01-12T03:00:00Z,45401.0,22173.0,0.0
2015-01-12T04:00:00Z,49613.0,22966.0,0.0
2015-01-12T05:00:00Z,58225.0,24759.0,0.0
2015-01-12T06:00:00Z,66110.0,25598.0,0.0
2015-01-12T07:00:00Z,69474.0,26158.0,82.0
2015-01-12T08:00:00Z,69448.0,26580.0,556.0
2015-01-12T09:00:00Z,70736.0,27864.0,1418.0
2015-01-12T10:00:00Z,72115.0,28664.0,2113.0
2015-01-12T11:00:00Z,72023.0,28914.0,2350.0
2015-01-12T12:00:00Z,71376.0,29011.0,2238.0
2015-01-12T13:00:00Z,70197.0,28920.0,1486.0
2015-01-12T14:00:00Z,69066.0,28964.0,640.0
2015-01-12T15:00:00Z,69524.0,28393.0,140.0
2015-01-12T16:00:00Z,71371.0,27912.0,2.0
2015-01-12T17:00:00Z,71236.0,27768.0,0.0
2015-01-12T18:00:00Z,69205.0,28101.0,0.0
2015-01-12T19:00:00Z,64685.0,28060.0,0.0
2015-01-12T20:00:00Z,61344.0,27659.0,0.0
2015-01-12T21:00:00Z,58672.0,26143.0,0.0
2015-01-12T22:00:00Z,54030.0,24408.0,0.0
2015-01-12T23:00:00Z,50153.0,22772.0,0.0
2015-01-13T00:00:00Z,48218.0,21349.0,0.0
2015-01-13T01:00:00Z,47184.0,20290.0,0.0
2015-01-13T02:00:00Z,47064.0,20158.0,0.0
2015-01-13T03:00:00Z,48760.0,20926.0,0.0
2015-01-13T04:00:00Z,51849.0,21995.0,0.0
2015-01-13T05:00:00Z,59116.0,23468.0,0.0
2015-01-13T06:00:00Z,66543.0,24427.0,0.0
2015-01-13T07:00:00Z,68723.0,25374.0,515.0
2015-01-13T08:00:00Z,68327.0,25191.0,3431.0
2015-01-13T09:00:00Z,68374.0,25284.0,6927.0
2015-01-13T10:00:00Z,68865.0,25051.0,9543.0
2015-01-13T11:00:00Z,68469.0,24225.0,10623.0
2015-01-13T12:00:00Z,67876.0,22924.0,9433.0
2015-01-13T13:00:00Z,65875.0,22135.0,6589.0
2015-01-13T14:00:00Z,65983.0,21597.0,2899.0
2015-01-13T15:00:00Z,66634.0,20710.0,320.0
2015-01-13T16:00:00Z,70119.0,19791.0,3.0
2015-01-13T17:00:00Z,69850.0,19299.0,0.0
2015-01-13T18:00:00Z,67174.0,18779.0,0.0
2015-01-13T19:00:00Z,62622.0,17763.0,0.0
2015-01-13T20:00:00Z,59175.0,18305.0,0.0
2015-01-13T21:00:00Z,56499.0,18439.0,0.0
2015-01-13T22:00:00Z,51949.0,17690.0,0.0
2015-01-13T23:00:00Z,47556.0,16563.0,0.0
2015-01-14T00:00:00Z,45320.0,15740.0,0.0
2015-01-14T01:00:00Z,44513.0,14702.0,0.0
2015-01-14T02:00:00Z,45026.0,14770.0,0.0
2015-01-14T03:00:00Z,46695.0,15447.0,0.0
2015-01-14T04:00:00Z,50345.0,16940.0,0.0
2015-01-14T05:00:00Z,58474.0,18838.0,0.0
2015-01-14T06:00:00Z,65984.0,21319.0,0.0
2015-01-14T07:00:00Z,68576.0,22069.0,165.0
2015-01-14T08:00:00Z,67873.0,21945.0,1341.0
2015-01-14T09:00:00Z,68878.0,21384.0,3027.0
2015-01-14T10:00:00Z,69582.0,21012.0,3712.0
2015-01-14T11:00:00Z,68658.0,20699.0,3482.0
2015-01-14T12:00:00Z,68577.0,19065.0,3150.0
2015-01-14T13:00:00Z,67760.0,16710.0,2195.0
2015-01-14T14:00:00Z,67144.0,14665.0,895.0
2015-01-14T15:00:00Z,67198.0,14449.0,136.0
2015-01-14T16:00:00Z,70156.0,14363.0,3.0
2015-01-14T17:00:00Z,69595.0,14342.0,0.0
2015-01-14T18:00:00Z,67587.0,14373.0,0.0
2015-01-14T19:00:00Z,63598.0,14883.0,0.0
2015-01-14T20:00:00Z,60156.0,15073.0,0.0
2015-01-14T21:00:00Z,57358.0,15000.0,0.0
2015-01-14T22:00:00Z,53648.0,14667.0,0.0
2015-01-14T23:00:00Z,50014.0,14527.0,0.0
2015-01-15T00:00:00Z,48098.0,14660.0,0.0
2015-01-15T01:00:00Z,47108.0,15388.0,0.0
2015-01-15T02:00:00Z,47519.0,16880.0,0.0
2015-01-15T03:00:00Z,48517.0,18635.0,0.0
2015-01-15T04:00:00Z,51717.0,20539.0,0.0
2015-01-15T05:00:00Z,59216.0,22670.0,0.0
2015-01-15T06:00:00Z,65894.0,23729.0,0.0
2015-01-15T07:00:00Z,68785.0,24792.0,156.0
2015-01-15T08:00:00Z,68630.0,25156.0,965.0
2015-01-15T09:00:00Z,69475.0,25604.0,2365.0
2015-01-15T10:00:00Z,70517.0,25904.0,3469.0
2015-01-15T11:00:00Z,69712.0,26189.0,3589.0
2015-01-15T12:00:00Z,69201.0,25360.0,3194.0
2015-01-15T13:00:00Z,68197.0,24938.0,2231.0
2015-01-15T14:00:00Z,67579.0,24876.0,1010.0
2015-01-15T15:00:00Z,67480.0,24851.0,171.0
2015-01-15T16:00:00Z,70186.0,24740.0,5.0
2015-01-15T17:00:00Z,69592.0,25439.0,0.0
2015-01-15T18:00:00Z,67819.0,26233.0,0.0
2015-01-15T19:00:00Z,63806.0,25816.0,0.0
2015-01-15T20:00:00Z,60304.0,25149.0,0.0
2015-01-15T21:00:00Z,57580.0,23866.0,0.0
2015-01-15T22:00:00Z,53037.0,23076.0,0.0
2015-01-15T23:00:00Z,49276.0,21981.0,0.0
2015-01-16T00:00:00Z,46279.0,21120.0,0.0
2015-01-16T01:00:00Z,44534.0,21067.0,0.0
2015-01-16T02:00:00Z,45939.0,20426.0,0.0
2015-01-16T03:00:00Z,47898.0,19524.0,0.0
2015-01-16T04:00:00Z,51456.0,18648.0,0.0
2015-01-16T05:00:00Z,59074.0,17529.0,0.0
2015-01-16T06:00:00Z,66271.0,16527.0,0.0
2015-01-16T07:00:00Z,68400.0,15430.0,292.0
2015-01-16T08:00:00Z,68027.0,13551.0,1737.0
2015-01-16T09:00:00Z,68375.0,12074.0,3489.0
2015-01-16T10:00:00Z,68696.0,10710.0,4690.0
2015-01-16T11:00:00Z,67681.0,8943.0,4721.0
2015-01-16T12:00:00Z,66189.0,7502.0,3852.0
2015-01-16T13:00:00Z,64631.0,5676.0,2642.0
2015-01-16T14:00:00Z,63772.0,4293.0,1215.0
2015-01-16T15:00:00Z,64204.0,3698.0,176.0
2015-01-16T16:00:00Z,67360.0,4124.0,4.0
2015-01-16T17:00:00Z,66923.0,4319.0,0.0
2015-01-16T18:00:00Z,64680.0,4382.0,0.0
2015-01-16T19:00:00Z,60464.0,4206.0,0.0
2015-01-16T20:00:00Z,57066.0,4166.0,0.0
2015-01-16T21:00:00Z,54807.0,3891.0,0.0
2015-01-16T22:00:00Z,50985.0,3667.0,0.0
2015-01-16T23:00:00Z,47703.0,3850.0,0.0
2015-01-17T00:00:00Z,45369.0,4134.0,0.0
2015-01-17T01:00:00Z,44383.0,4536.0,0.0
2015-01-17T02:00:00Z,44029.0,4863.0,0.0
2015-01-17T03:00:00Z,44168.0,5187.0,0.0
2015-01-17T04:00:00Z,43903.0,5365.0,0.0
2015-01-17T05:00:00Z,44481.0,5589.0,0.0
2015-01-17T06:00:00Z,48133.0,5764.0,0.0
2015-01-17T07:00:00Z,52095.0,6303.0,91.0
2015-01-17T08:00:00Z,55104.0,6179.0,917.0
2015-01-17T09:00:00Z,56978.0,5621.0,2494.0
2015-01-17T10:00:00Z,57872.0,5094.0,4013.0
2015-01-17T11:00:00Z,57031.0,5023.0,4695.0
2015-01-17T12:00:00Z,54885.0,5365.0,4342.0
2015-01-17T13:00:00Z,53290.0,5294.0,3117.0
2015-01-17T14:00:00Z,52707.0,4416.0,1478.0
2015-01-17T15:00:00Z,53655.0,4227.0,253.0
2015-01-17T16:00:00Z,57914.0,5131.0,5.0
2015-01-17T17:00:00Z,58820.0,6379.0,0.0
2015-01-17T18:00:00Z,57041.0,6909.0,0.0
2015-01-17T19:00:00Z,53145.0,6897.0,0.0
2015-01-17T20:00:00Z,50831.0,7364.0,0.0
2015-01-17T21:00:00Z,50069.0,7493.0,0.0
2015-01-17T22:00:00Z,47150.0,7268.0,0.0
2015-01-17T23:00:00Z,44157.0,7316.0,0.0
2015-01-18T00:00:00Z,42468.0,7422.0,0.0
2015-01-18T01:00:00Z,41213.0,7365.0,0.0
2015-01-18T02:00:00Z,40643.0,7700.0,0.0
2015-01-18T03:00:00Z,40563.0,7837.0,0.0
2015-01-18T04:00:00Z,40032.0,7747.0,0.0
2015-01-18T05:00:00Z,39157.0,7589.0,0.0
2015-01-18T06:00:00Z,40896.0,7844.0,0.0
2015-01-18T07:00:00Z,43967.0,7291.0,249.0
2015-01-18T08:00:00Z,47041.0,6644.0,1890.0
2015-01-18T09:00:00Z,49625.0,5865.0,4117.0
2015-01-18T10:00:00Z,52113.0,5230.0,5860.0
2015-01-18T11:00:00Z,52189.0,4785.0,6597.0
2015-01-18T12:00:00Z,50148.0,4182.0,5981.0
2015-01-18T13:00:00Z,48763.0,3714.0,4297.0
2015-01-18T14:00:00Z,48479.0,3351.0,1987.0
2015-01-18T15:00:00Z,49108.0,3233.0,275.0
2015-01-18T16:00:00Z,54287.0,3478.0,6.0
2015-01-18T17:00:00Z,55881.0,3991.0,0.0
2015-01-18T18:00:00Z,54678.0,4124.0,0.0
2015-01-18T19:00:00Z,52336.0,3977.0,0.0
2015-01-18T20:00:00Z,50835.0,3834.0,0.0
2015-01-18T21:00:00Z,51297.0,3607.0,0.0
2015-01-18T22:00:00Z,48568.0,3377.0,0.0
2015-01-18T23:00:00Z,45408.0,3028.0,0.0
2015-01-19T00:00:00Z,43874.0,2542.0,0.0
2015-01-19T01:00:00Z,43324.0,2111.0,0.0
2015-01-19T02:00:00Z,43616.0,1746.0,0.0
2015-01-19T03:00:00Z,45132.0,1425.0,0.0
2015-01-19T04:00:00Z,48847.0,1256.0,0.0
2015-01-19T05:00:00Z,57739.0,1346.0,0.0
2015-01-19T06:00:00Z,65475.0,1539.0,0.0
2015-01-19T07:00:00Z,67913.0,1631.0,293.0
2015-01-19T08:00:00Z,68452.0,1465.0,1552.0
2015-01-19T09:00:00Z,69193.0,1201.0,3178.0
2015-01-19T10:00:00Z,69874.0,908.0,4473.0
2015-01-19T11:00:00Z,69315.0,769.0,4874.0
2015-01-19T12:00:00Z,69029.0,742.0,4487.0
2015-01-19T13:00:00Z,68195.0,722.0,3145.0
2015-01-19T14:00:00Z,67445.0,811.0,1436.0
2015-01-19T15:00:00Z,66956.0,990.0,238.0
2015-01-19T16:00:00Z,69802.0,1182.0,5.0
2015-01-19T17:00:00Z,69656.0,1311.0,0.0
2015-01-19T18:00:00Z,68035.0,1305.0,0.0
2015-01-19T19:00:00Z,63812.0,1301.0,0.0
2015-01-19T20:00:00Z,60416.0,1336.0,0.0
2015-01-19T21:00:00Z,57789.0,1353.0,0.0
2015-01-19T22:00:00Z,53272.0,1341.0,0.0
2015-01-19T23:00:00Z,50138.0,1287.0,0.0
2015-01-20T00:00:00Z,47985.0,1195.0,0.0
2015-01-20T01:00:00Z,47002.0,1176.0,0.0
2015-01-20T02:00:00Z,47512.0,1094.0,0.0
2015-01-20T03:00:00Z,48529.0,973.0,0.0
2015-01-20T04:00:00Z,51622.0,898.0,0.0
2015-01-20T05:00:00Z,59120.0,856.0,0.0
2015-01-20T06:00:00Z,66205.0,866.0,0.0
2015-01-20T07:00:00Z,68861.0,848.0,93.0
2015-01-20T08:00:00Z,69136.0,757.0,628.0
2015-01-20T09:00:00Z,70265.0,606.0,1229.0
2015-01-20T10:00:00Z,70771.0,471.0,1780.0
2015-01-20T11:00:00Z,70426.0,368.0,2211.0
2015-01-20T12:00:00Z,69880.0,338.0,2183.0
2015-01-20T13:00:00Z,68892.0,374.0,1654.0
2015-01-20T14:00:00Z,68259.0,386.0,843.0
2015-01-20T15:00:00Z,67634.0,389.0,164.0
2015-01-20T16:00:00Z,70708.0,460.0,6.0
2015-01-20T17:00:00Z,70336.0,523.0,0.0
2015-01-20T18:00:00Z,68495.0,539.0,0.0
2015-01-20T19:00:00Z,64528.0,564.0,0.0
2015-01-20T20:00:00Z,60887.0,694.0,0.0
2015-01-20T21:00:00Z,57910.0,720.0,0.0
2015-01-20T22:00:00Z,53902.0,791.0,0.0
2015-01-20T23:00:00Z,50388.0,852.0,0.0
2015-01-21T00:00:00Z,48261.0,840.0,0.0
2015-01-21T01:00:00Z,47427.0,871.0,0.0
2015-01-21T02:00:00Z,47738.0,895.0,0.0
2015-01-21T03:00:00Z,48746.0,927.0,0.0
2015-01-21T04:00:00Z,51835.0,1059.0,0.0
2015-01-21T05:00:00Z,59360.0,1254.0,0.0
2015-01-21T06:00:00Z,66263.0,1439.0,0.0
2015-01-21T07:00:00Z,68609.0,1632.0,177.0
2015-01-21T08:00:00Z,69062.0,1697.0,1305.0
2015-01-21T09:00:00Z,69913.0,1476.0,2662.0
2015-01-21T10:00:00Z,70239.0,1282.0,3937.0
2015-01-21T11:00:00Z,69535.0,1139.0,4720.0
2015-01-21T12:00:00Z,68982.0,1205.0,4370.0
2015-01-21T13:00:00Z,68051.0,1330.0,3081.0
2015-01-21T14:00:00Z,67389.0,1623.0,1562.0
2015-01-21T15:00:00Z,67051.0,2188.0,300.0
2015-01-21T16:00:00Z,70266.0,2758.0,6.0
2015-01-21T17:00:00Z,70414.0,3368.0,0.0
2015-01-21T18:00:00Z,68659.0,3830.0,0.0
2015-01-21T19:00:00Z,64410.0,3939.0,0.0
2015-01-21T20:00:00Z,61021.0,3963.0,0.0
2015-01-21T21:00:00Z,58394.0,3996.0,0.0
2015-01-21T22:00:00Z,54175.0,3995.0,0.0
2015-01-21T23:00:00Z,50907.0,3684.0,0.0
2015-01-22T00:00:00Z,48985.0,3478.0,0.0
2015-01-22T01:00:00Z,48044.0,3378.0,0.0
2015-01-22T02:00:00Z,47940.0,3330.0,0.0
2015-01-22T03:00:00Z,48786.0,3432.0,0.0
2015-01-22T04:00:00Z,51654.0,3662.0,0.0
2015-01-22T05:00:00Z,59131.0,3647.0,0.0
2015-01-22T06:00:00Z,66542.0,3513.0,0.0
2015-01-22T07:00:00Z,68960.0,3377.0,152.0
2015-01-22T08:00:00Z,69197.0,3080.0,856.0
2015-01-22T09:00:00Z,70243.0,2679.0,1748.0
2015-01-22T10:00:00Z,71005.0,2349.0,2434.0
2015-01-22T11:00:00Z,70300.0,2059.0,2472.0
2015-01-22T12:00:00Z,69823.0,1952.0,2123.0
2015-01-22T13:00:00Z,69396.0,1909.0,1520.0
2015-01-22T14:00:00Z,68734.0,1898.0,683.0
2015-01-22T15:00:00Z,68247.0,2003.0,125.0
2015-01-22T16:00:00Z,70502.0,2216.0,6.0
2015-01-22T17:00:00Z,70410.0,2354.0,0.0
2015-01-22T18:00:00Z,68623.0,2300.0,0.0
2015-01-22T19:00:00Z,64759.0,2174.0,0.0
2015-01-22T20:00:00Z,61343.0,2105.0,0.0
2015-01-22T21:00:00Z,58912.0,1935.0,0.0
2015-01-22T22:00:00Z,54581.0,1799.0,0.0
2015-01-22T23:00:00Z,50788.0,1666.0,0.0
2015-01-23T00:00:00Z,48785.0,1567.0,0.0
2015-01-23T01:00:00Z,47813.0,1489.0,0.0
2015-01-23T02:00:00Z,48103.0,1474.0,0.0
2015-01-23T03:00:00Z,49093.0,1512.0,0.0
2015-01-23T04:00:00Z,51882.0,1424.0,0.0
2015-01-23T05:00:00Z,58938.0,1419.0,0.0
2015-01-23T06:00:00Z,66125.0,1394.0,0.0
2015-01-23T07:00:00Z,68473.0,1260.0,47.0
2015-01-23T08:00:00Z,68556.0,1049.0,350.0
2015-01-23T09:00:00Z,69566.0,922.0,818.0
2015-01-23T10:00:00Z,69898.0,831.0,1275.0
2015-01-23T11:00:00Z,69204.0,795.0,1485.0
2015-01-23T12:00:00Z,68146.0,812.0,1401.0
2015-01-23T13:00:00Z,66905.0,827.0,1024.0
2015-01-23T14:00:00Z,66065.0,872.0,508.0
2015-01-23T15:00:00Z,66088.0,1021.0,100.0
2015-01-23T16:00:00Z,68865.0,1071.0,7.0
2015-01-23T17:00:00Z,68723.0,1202.0,0.0
2015-01-23T18:00:00Z,66321.0,1456.0,0.0
2015-01-23T19:00:00Z,62192.0,1936.0,0.0
2015-01-23T20:00:00Z,58967.0,2625.0,0.0
2015-01-23T21:00:00Z,57041.0,3296.0,0.0
2015-01-23T22:00:00Z,54048.0,3925.0,0.0
2015-01-23T23:00:00Z,51140.0,4411.0,0.0
2015-01-24T00:00:00Z,48721.0,4819.0,0.0
2015-01-24T01:00:00Z,49596.0,5542.0,0.0
2015-01-24T02:00:00Z,49906.0,6645.0,0.0
2015-01-24T03:00:00Z,49793.0,7357.0,0.0
2015-01-24T04:00:00Z,47904.0,7510.0,0.0
2015-01-24T05:00:00Z,46321.0,7913.0,0.0
2015-01-24T06:00:00Z,49079.0,8086.0,0.0
2015-01-24T07:00:00Z,51778.0,7908.0,157.0
2015-01-24T08:00:00Z,55538.0,7576.0,737.0
2015-01-24T09:00:00Z,58070.0,7041.0,1220.0
2015-01-24T10:00:00Z,60193.0,6166.0,1730.0
2015-01-24T11:00:00Z,59612.0,5404.0,2017.0
2015-01-24T12:00:00Z,57603.0,5172.0,1920.0
2015-01-24T13:00:00Z,56044.0,4835.0,1324.0
2015-01-24T14:00:00Z,55414.0,4872.0,635.0
2015-01-24T15:00:00Z,55614.0,5235.0,90.0
2015-01-24T16:00:00Z,59505.0,5623.0,4.0
2015-01-24T17:00:00Z,60419.0,6280.0,0.0
2015-01-24T18:00:00Z,58200.0,6692.0,0.0
2015-01-24T19:00:00Z,54217.0,7029.0,0.0
2015-01-24T20:00:00Z,51700.0,7118.0,0.0
2015-01-24T21:00:00Z,51454.0,7068.0,0.0
2015-01-24T22:00:00Z,48771.0,7496.0,0.0
2015-01-24T23:00:00Z,45660.0,7608.0,0.0
2015-01-25T00:00:00Z,43563.0,7921.0,0.0
2015-01-25T01:00:00Z,42562.0,7826.0,0.0
2015-01-25T02:00:00Z,41804.0,7752.0,0.0
2015-01-25T03:00:00Z,41524.0,7447.0,0.0
2015-01-25T04:00:00Z,41003.0,7119.0,0.0
2015-01-25T05:00:00Z,39678.0,6671.0,0.0
2015-01-25T06:00:00Z,41325.0,6432.0,0.0
2015-01-25T07:00:00Z,44054.0,6012.0,126.0
2015-01-25T08:00:00Z,47997.0,5614.0,727.0
2015-01-25T09:00:00Z,51192.0,4778.0,1387.0
2015-01-25T10:00:00Z,53687.0,4251.0,2016.0
2015-01-25T11:00:00Z,53453.0,3971.0,2317.0
2015-01-25T12:00:00Z,51386.0,3615.0,2242.0
2015-01-25T13:00:00Z,50114.0,3295.0,1692.0
2015-01-25T14:00:00Z,49644.0,3053.0,877.0
2015-01-25T15:00:00Z,50512.0,3045.0,177.0
2015-01-25T16:00:00Z,55223.0,2976.0,9.0
2015-01-25T17:00:00Z,57086.0,2958.0,0.0
2015-01-25T18:00:00Z,55711.0,2934.0,0.0
2015-01-25T19:00:00Z,53282.0,2893.0,0.0
2015-01-25T20:00:00Z,51817.0,2738.0,0.0
2015-01-25T21:00:00Z,52230.0,2654.0,0.0
2015-01-25T22:00:00Z,49521.0,2712.0,0.0
2015-01-25T23:00:00Z,46454.0,3042.0,0.0
2015-01-26T00:00:00Z,44467.0,3425.0,0.0
2015-01-26T01:00:00Z,43941.0,3831.0,0.0
2015-01-26T02:00:00Z,44300.0,4285.0,0.0
2015-01-26T03:00:00Z,45868.0,4829.0,0.0
2015-01-26T04:00:00Z,49798.0,5286.0,0.0
2015-01-26T05:00:00Z,58751.0,5866.0,0.0
2015-01-26T06:00:00Z,65874.0,6581.0,1.0
2015-01-26T07:00:00Z,68660.0,7134.0,141.0
2015-01-26T08:00:00Z,68736.0,7861.0,542.0
2015-01-26T09:00:00Z,70221.0,8500.0,1103.0
2015-01-26T10:00:00Z,71462.0,9044.0,1772.0
2015-01-26T11:00:00Z,71176.0,9818.0,2250.0
2015-01-26T12:00:00Z,70765.0,10328.0,2249.0
2015-01-26T13:00:00Z,69632.0,10554.0,1584.0
2015-01-26T14:00:00Z,68581.0,10918.0,790.0
2015-01-26T15:00:00Z,68202.0,11718.0,157.0
2015-01-26T16:00:00Z,70783.0,12848.0,7.0
2015-01-26T17:00:00Z,70883.0,13842.0,0.0
2015-01-26T18:00:00Z,69341.0,13989.0,0.0
2015-01-26T19:00:00Z,65221.0,13728.0,0.0
2015-01-26T20:00:00Z,61753.0,13397.0,0.0
2015-01-26T21:00:00Z,58769.0,13712.0,0.0
2015-01-26T22:00:00Z,54503.0,14745.0,0.0
2015-01-26T23:00:00Z,51183.0,15353.0,0.0
2015-01-27T00:00:00Z,49395.0,15522.0,0.0
2015-01-27T01:00:00Z,48501.0,15541.0,0.0
2015-01-27T02:00:00Z,48702.0,15201.0,0.0
2015-01-27T03:00:00Z,49610.0,15179.0,0.0
2015-01-27T04:00:00Z,52571.0,15132.0,0.0
2015-01-27T05:00:00Z,60032.0,14943.0,0.0
2015-01-27T06:00:00Z,66720.0,14962.0,0.0
2015-01-27T07:00:00Z,68466.0,14271.0,139.0
2015-01-27T08:00:00Z,68269.0,12805.0,1033.0
2015-01-27T09:00:00Z,69100.0,12510.0,2223.0
2015-01-27T10:00:00Z,70081.0,12213.0,3310.0
2015-01-27T11:00:00Z,69432.0,12171.0,3723.0
2015-01-27T12:00:00Z,68948.0,11626.0,3209.0
2015-01-27T13:00:00Z,67922.0,11494.0,2338.0
2015-01-27T14:00:00Z,67443.0,10512.0,1294.0
2015-01-27T15:00:00Z,66672.0,9059.0,292.0
2015-01-27T16:00:00Z,69423.0,7844.0,12.0
2015-01-27T17:00:00Z,70216.0,7646.0,0.0
2015-01-27T18:00:00Z,68337.0,7449.0,0.0
2015-01-27T19:00:00Z,64402.0,6872.0,0.0
2015-01-27T20:00:00Z,60965.0,6610.0,0.0
2015-01-27T21:00:00Z,58254.0,6576.0,0.0
2015-01-27T22:00:00Z,54066.0,6204.0,0.0
2015-01-27T23:00:00Z,50848.0,6288.0,0.0
2015-01-28T00:00:00Z,48565.0,6073.0,0.0
2015-01-28T01:00:00Z,47477.0,6183.0,0.0
2015-01-28T02:00:00Z,47814.0,6673.0,0.0
2015-01-28T03:00:00Z,49219.0,7456.0,0.0
2015-01-28T04:00:00Z,52359.0,8498.0,0.0
2015-01-28T05:00:00Z,59808.0,9741.0,0.0
2015-01-28T06:00:00Z,66823.0,11304.0,0.0
2015-01-28T07:00:00Z,68966.0,12770.0,143.0
2015-01-28T08:00:00Z,69270.0,14602.0,900.0
2015-01-28T09:00:00Z,70276.0,16524.0,1896.0
2015-01-28T10:00:00Z,71282.0,18851.0,2847.0
2015-01-28T11:00:00Z,71348.0,21088.0,3445.0
2015-01-28T12:00:00Z,70833.0,23099.0,3302.0
2015-01-28T13:00:00Z,69952.0,24618.0,2438.0
2015-01-28T14:00:00Z,70018.0,25473.0,1299.0
2015-01-28T15:00:00Z,69699.0,26698.0,299.0
2015-01-28T16:00:00Z,72415.0,27153.0,12.0
2015-01-28T17:00:00Z,72853.0,27082.0,0.0
2015-01-28T18:00:00Z,71021.0,26199.0,0.0
2015-01-28T19:00:00Z,66473.0,25981.0,0.0
2015-01-28T20:00:00Z,63637.0,25527.0,0.0
2015-01-28T21:00:00Z,61481.0,24532.0,0.0
2015-01-28T22:00:00Z,56917.0,23422.0,0.0
2015-01-28T23:00:00Z,50909.0,22152.0,0.0
2015-01-29T00:00:00Z,48776.0,21690.0,0.0
2015-01-29T01:00:00Z,47172.0,21180.0,0.0
2015-01-29T02:00:00Z,47702.0,20759.0,0.0
2015-01-29T03:00:00Z,48771.0,20607.0,0.0
2015-01-29T04:00:00Z,51013.0,20677.0,0.0
2015-01-29T05:00:00Z,59719.0,21100.0,0.0
2015-01-29T06:00:00Z,67602.0,21618.0,1.0
